Model,MAE,RMSE,R2
Random Forest,291.4523991068665,591.7665335002098,0.9788088395866158
Gradient Boosting,410.29300260719174,737.1754654522825,0.9671151637880975
Ridge Regression,743.0073496346836,1129.9213537919784,0.9227407709297
Linear Regression,743.2983237135869,1137.4175388978217,0.9217122558164305
